source,clip_epsilon,bpp,fig8b_pe_pct,table4_full_pe_pct,table11_at_0p4_pe_pct,table4_minus_fig_pp,table11_minus_fig_pp,comparison_status,provenance
published_Figure_8b,0.1,0.1,33.41,,,,,NOT_COMPARABLE,PUBLICATION_TRANSCRIPTION_ONLY_NOT_RAW_RESULTS
published_Figure_8b,0.2,0.1,35.62,46.85,,11.23,,CONFLICT,PUBLICATION_TRANSCRIPTION_ONLY_NOT_RAW_RESULTS
published_Figure_8b,0.3,0.1,32.88,,,,,NOT_COMPARABLE,PUBLICATION_TRANSCRIPTION_ONLY_NOT_RAW_RESULTS
published_Figure_8b,0.1,0.2,25.10,,,,,NOT_COMPARABLE,PUBLICATION_TRANSCRIPTION_ONLY_NOT_RAW_RESULTS
published_Figure_8b,0.2,0.2,28.50,42.54,,14.04,,CONFLICT,PUBLICATION_TRANSCRIPTION_ONLY_NOT_RAW_RESULTS
published_Figure_8b,0.3,0.2,24.30,,,,,NOT_COMPARABLE,PUBLICATION_TRANSCRIPTION_ONLY_NOT_RAW_RESULTS
published_Figure_8b,0.1,0.4,12.50,,33.41,,20.91,CONFLICT,PUBLICATION_TRANSCRIPTION_ONLY_NOT_RAW_RESULTS
published_Figure_8b,0.2,0.4,15.80,35.62,35.62,19.82,19.82,CONFLICT,PUBLICATION_TRANSCRIPTION_ONLY_NOT_RAW_RESULTS
published_Figure_8b,0.3,0.4,11.09,,32.88,,21.79,CONFLICT,PUBLICATION_TRANSCRIPTION_ONLY_NOT_RAW_RESULTS
