image_id,requested_bpp,actual_bpp,embedded_bits,readback_errors,PSNR,global_SSIM,input_sha256,provenance,byte_exact_readback,pgm_sha256,ambtc_sha256,map_sha256,payload_sha256,recovered_sha256
lena_like_64,0.1,0.10009765625,410,0,32.92169724048047,0.9932876237861155,ebc1f8a32a63b347edd0822ec7d6a01662be46493569f901bfdf238ce6c5debc,DEMO_NOT_PAPER,True,36f57b1283a5fd80b616e86bd6523ce2c333a5b1ac68abdb01ff9021aaa660cb,91d71d928b055978b35877dfa565737a30d89eb1bf317b254e7e1e17888b5aa2,287584aa115aa699523b165c0d23170f008a35a456537712fc1cee68f92108a4,ecb4f24b8b6db6b9488db98be2c68319d978333046dcd689da5a1a1018051fed,ecb4f24b8b6db6b9488db98be2c68319d978333046dcd689da5a1a1018051fed
lena_like_64,0.2,0.199951171875,819,0,31.699507107601484,0.9910998530135036,ebc1f8a32a63b347edd0822ec7d6a01662be46493569f901bfdf238ce6c5debc,DEMO_NOT_PAPER,True,c9868814b34f14d9660225d9ea7be1575eaa0ee8c26d89dabd67b6685e08498d,e8728964b3e08c9a4c9f2f1a781b4962075ac528feada3a6743b08a3864be2e2,d277d9858bc2309def1dfb2a7400be54a736777f3985045ef003b88c17e37ba1,87e2cafc1677a923e336fd0673eac57edf821586fd614021b00e285f5fa278e6,87e2cafc1677a923e336fd0673eac57edf821586fd614021b00e285f5fa278e6
lena_like_64,0.4,0.39990234375,1638,0,29.91465772907929,0.9865926459919756,ebc1f8a32a63b347edd0822ec7d6a01662be46493569f901bfdf238ce6c5debc,DEMO_NOT_PAPER,True,967d42667a616d1955e13ba179c2deec8ba6fc0bd7cb59eb946d6462e6e9f1e9,1aabf37003d45e718cc0f22d9fe96ef7116017ce1a6a584ba8b612a42854a91d,cef0f4f0bea62250be8bc7596596841f4ad6bd96334e084530d633da62492fa9,4a860a6c158bc71c50627ed607850c1f084bdefa1a9d415400ea2f5099de9020,4a860a6c158bc71c50627ed607850c1f084bdefa1a9d415400ea2f5099de9020
synthetic_checkerboard,0.1,0.10009765625,410,0,99,1.0,1c3727440ef5fd7332566beddda64e49e67ed8e6d5d0db9efed1ebbbff506dc1,DEMO_NOT_PAPER,True,1c3727440ef5fd7332566beddda64e49e67ed8e6d5d0db9efed1ebbbff506dc1,e22dba01ae2192e86bce6637dda76b4b4e97bc6b8997b9617407e9c2e44f801e,c312998971877895c1f545e21d14f94decea0e41ff3d4361d7558ae66254e34c,ecb4f24b8b6db6b9488db98be2c68319d978333046dcd689da5a1a1018051fed,ecb4f24b8b6db6b9488db98be2c68319d978333046dcd689da5a1a1018051fed
synthetic_checkerboard,0.2,0.199951171875,819,0,99,1.0,1c3727440ef5fd7332566beddda64e49e67ed8e6d5d0db9efed1ebbbff506dc1,DEMO_NOT_PAPER,True,1c3727440ef5fd7332566beddda64e49e67ed8e6d5d0db9efed1ebbbff506dc1,d2cf4d2c5494b60865be9f4ec2938c44c4307962183f158e325ed90e6cff84c8,f321d927ed324579bac69eaa3575e12f0506cad730f477a34e2b221bb173d23f,87e2cafc1677a923e336fd0673eac57edf821586fd614021b00e285f5fa278e6,87e2cafc1677a923e336fd0673eac57edf821586fd614021b00e285f5fa278e6
synthetic_checkerboard,0.4,0.39990234375,1638,0,99,1.0,1c3727440ef5fd7332566beddda64e49e67ed8e6d5d0db9efed1ebbbff506dc1,DEMO_NOT_PAPER,True,1c3727440ef5fd7332566beddda64e49e67ed8e6d5d0db9efed1ebbbff506dc1,e818794381173119091512caee9d763f02ba90b75246daa6f16026e1ce0996d2,b7e460706163ee05c99cc073643592d5ff026ba9723d77941abe428d59e01e7b,4a860a6c158bc71c50627ed607850c1f084bdefa1a9d415400ea2f5099de9020,4a860a6c158bc71c50627ed607850c1f084bdefa1a9d415400ea2f5099de9020
synthetic_gradient,0.1,0.10009765625,410,0,39.31424934078541,0.9993232002270112,a93e7f705fe329e5b22873e801299604614b3eb73812ac809a3db53b08d10cea,DEMO_NOT_PAPER,True,20a0c08d2deb605ec0e9a4abb9d0b7ab1569ff090e9198baaaae4fae1b797b6b,79d4bef4e54584e5d9ef2b99de6086a07caec297639fd7eb2550d1a86b4d967a,51af77d7de442ab28f5f0d2c21594619d2a0e7ff7364867f8e0fcfef8fca67e5,ecb4f24b8b6db6b9488db98be2c68319d978333046dcd689da5a1a1018051fed,ecb4f24b8b6db6b9488db98be2c68319d978333046dcd689da5a1a1018051fed
synthetic_gradient,0.2,0.199951171875,819,0,37.84869438274879,0.9990512438927212,a93e7f705fe329e5b22873e801299604614b3eb73812ac809a3db53b08d10cea,DEMO_NOT_PAPER,True,3612daacd87dbf709dbe9361a0d17f719b023d75b66d83f8d1bf1f4ac1b1d0eb,8b204cd5b3acce052abbf8128d2d876331ce8438210f9c730a7ac7ca60af2343,88ee1b8971611f96d6969c1ec609f54d3434977d7209ff5fa12731dd9572da58,87e2cafc1677a923e336fd0673eac57edf821586fd614021b00e285f5fa278e6,87e2cafc1677a923e336fd0673eac57edf821586fd614021b00e285f5fa278e6
synthetic_gradient,0.4,0.39990234375,1638,0,35.73033517066896,0.9984551378391368,a93e7f705fe329e5b22873e801299604614b3eb73812ac809a3db53b08d10cea,DEMO_NOT_PAPER,True,37df640e844d048d5ff272d71fd27dd450b43d888a2c784bf6c9e3ec6f86eb34,76ae308bc6fdac5f8a9cd042c9df488239500e0d96159979fa715e533ca1d81f,8edef8b68597aa361f8b1b32650d9612bd0e0ec088c91ac10022b6a8831ee8a1,4a860a6c158bc71c50627ed607850c1f084bdefa1a9d415400ea2f5099de9020,4a860a6c158bc71c50627ed607850c1f084bdefa1a9d415400ea2f5099de9020
synthetic_radial,0.1,0.10009765625,410,0,35.64413967139114,0.9967396589855825,b0baf6bbc3ddb5846a1e80005144c8c7f495d4a8ee5815de6ac6ade3b311aebf,DEMO_NOT_PAPER,True,12c27c75f6327728a8ba1c2ab620fc7fb754e309b6196498b49182a3d1ea61f9,82416738914dddcc095955d5c953c7e913bf133060fc7bfc33adcb090150b793,4b05e4bb82686351967e6437a94a84bc94c6d4f39aa355d2a986197c788d3380,ecb4f24b8b6db6b9488db98be2c68319d978333046dcd689da5a1a1018051fed,ecb4f24b8b6db6b9488db98be2c68319d978333046dcd689da5a1a1018051fed
synthetic_radial,0.2,0.199951171875,819,0,34.39268942553953,0.9956501457104895,b0baf6bbc3ddb5846a1e80005144c8c7f495d4a8ee5815de6ac6ade3b311aebf,DEMO_NOT_PAPER,True,32400235d1876a12f5095c414cd3b06d2de752f1c6a9e95288300443077961d7,6bb5253989075712f87446f0d09d23b878e4d792d155060a7cc6d1b79561e7ca,308b1a1e5886d975d0c49523a9d426d5ec22dee53eb0c443d22974a50a387dc0,87e2cafc1677a923e336fd0673eac57edf821586fd614021b00e285f5fa278e6,87e2cafc1677a923e336fd0673eac57edf821586fd614021b00e285f5fa278e6
synthetic_radial,0.4,0.39990234375,1638,0,32.816045623346824,0.9937550834352066,b0baf6bbc3ddb5846a1e80005144c8c7f495d4a8ee5815de6ac6ade3b311aebf,DEMO_NOT_PAPER,True,1ff4ef2adab294b005ca7e289dfa2909cc1d5eb181496373d4835de7585545a0,e0c50ee8d97d3432bcdc17255f22bbf0e8ab034b0470808a776d52a9028b24e5,ab7f73415bf5670128bf158b7be6c36ee1f1a2fc1d29fa6f3befdfbf0c22c324,4a860a6c158bc71c50627ed607850c1f084bdefa1a9d415400ea2f5099de9020,4a860a6c158bc71c50627ed607850c1f084bdefa1a9d415400ea2f5099de9020
