filename,source_member,sha256,split
2504.pgm,BOSSbase_1.01/2504.pgm,d4d79b883d41a2c7986e51a1cf49714fe1a1148e6687facda1957b3f69b55d42,train
1437.pgm,BOSSbase_1.01/1437.pgm,b50e9ff1f26f863bb38462dc486c712218b8cc1e7c04108123472e968e891c34,train
2509.pgm,BOSSbase_1.01/2509.pgm,761ea6df5294bd13aad49150f1c1cbe2a2559489fa7d587693fbbc4ac790cefc,train
9274.pgm,BOSSbase_1.01/9274.pgm,4b52ccbea1416b654b232ae8572dc15cb469939cefae98c8aeb503bc3f741bf2,train
5961.pgm,BOSSbase_1.01/5961.pgm,b8da8859b2c5f2c8b390cfe75b9df7636b735dab3c8fa10ad512dbea4b654b34,train
51.pgm,BOSSbase_1.01/51.pgm,3866a618b7762bd3ea91613a92e71149516957b6e6684d4fdd70650941360cdf,train
7219.pgm,BOSSbase_1.01/7219.pgm,2ee43271d1f0573761fa4f8a61a39d7ddf25d918a4d428f48250827a711759a0,train
264.pgm,BOSSbase_1.01/264.pgm,21fa5077dfc4c8cd3aed92b2b2579cf64e4ab45c0cfbcc269bba8021f96ec501,train
1466.pgm,BOSSbase_1.01/1466.pgm,ece0bf4219b57d989cffb6a30419616160902e1c1a0060ef15c745a84e254df0,train
7621.pgm,BOSSbase_1.01/7621.pgm,916c1b6292845f6ddf04313d408878e575ffcf049a98f0f0ebdf01a39a1f1e4a,train
4609.pgm,BOSSbase_1.01/4609.pgm,be81848de9602ec82e7f3bfd5cef0be6566066edefffffe8151ed65ed06601fd,train
660.pgm,BOSSbase_1.01/660.pgm,efcb561a0abf82b01b0d42401547501aaf938ee65329b97393607986dfe7dbec,train
5095.pgm,BOSSbase_1.01/5095.pgm,c794948e38649f6a41ea9bad6b4f23ef6c2fa93c6be919d14b65674c5a38341b,train
4248.pgm,BOSSbase_1.01/4248.pgm,55760ff4b51418265d338c25743b9c1589a3849b028f7ccc2d32e33ab913e044,train
3055.pgm,BOSSbase_1.01/3055.pgm,2ddb5fb37d02fadfb85e7639050c7acd1cf4793afa22c62222830014f29558aa,train
9033.pgm,BOSSbase_1.01/9033.pgm,82139c3e67da7550081c6570f7e21a5c40eded89e82b69300c0f268f88b2589d,train
904.pgm,BOSSbase_1.01/904.pgm,d1a28e3ade0012ac51a585d85245764ec25ca3ba98bb7feda2dad0d3513355ec,train
6014.pgm,BOSSbase_1.01/6014.pgm,0f5427a5e5628c083b661bb6887e5e57ecb855cebff1c4bd47e2075f1d6279b7,train
3290.pgm,BOSSbase_1.01/3290.pgm,fd6e0cc0a07394915d509485bbdd59474971701633420c49554f375c6a1bcd3a,train
5053.pgm,BOSSbase_1.01/5053.pgm,54835bd3efa89304d258ae723a926cc793a4bdfcf8ac0fb3ad2fdf896b87fa87,train
4428.pgm,BOSSbase_1.01/4428.pgm,2ab7078fc10f50fd72d448dd5394d98d61ef483f6697608a50377ee1a30a7b10,val
723.pgm,BOSSbase_1.01/723.pgm,e5bc47c5d815ebbce021d907da04d95de2bae62fd351aec30b1e7857163d08e8,val
9688.pgm,BOSSbase_1.01/9688.pgm,9ca83fbb041a56fb3d4b26b25125fcfe2b08b2b9e0527c0f344eff9a075f703e,val
7184.pgm,BOSSbase_1.01/7184.pgm,2156823b25de54c15a8edf8cad17e1962f8fe3f814a250c781c1c40d33d6b4bd,val
429.pgm,BOSSbase_1.01/429.pgm,a3df73cec61200c1006bca4772a6200796e9c4e7f2c3d9c5bdc9d0b355d63d95,val
4172.pgm,BOSSbase_1.01/4172.pgm,4ca6fcbe2c3dd91c601f493f9732537d83d4c1021421080f246adfd412e82d08,val
9876.pgm,BOSSbase_1.01/9876.pgm,c8881a96ca5bd3c5a77e0c4a393d17b3eba0bcc97510953cdb2f195b88772e67,val
845.pgm,BOSSbase_1.01/845.pgm,feebe73009a1c046e0180df646d45c8b11684773e925efa997f2ab1b744d83ca,val
1389.pgm,BOSSbase_1.01/1389.pgm,4fcbd8b3a654546f2add65624ae8d3bd9c28b193e8030b63ecd9c9d124533774,val
1093.pgm,BOSSbase_1.01/1093.pgm,631ff0210dba5a7c332d63e731055edf5422ae5fa1dbbe0b43fe56f3bb38db2f,val
9705.pgm,BOSSbase_1.01/9705.pgm,7d79a57ac3bd6bb8b6d3d087f4fc398cee46ce3c6142cf508dbe19224127a561,test
6291.pgm,BOSSbase_1.01/6291.pgm,9bdd771a0cfd7836e87fdcd25bf08e317ad7ee69929956d1ca5e75e7b7e66994,test
228.pgm,BOSSbase_1.01/228.pgm,2b6a2ba1b616b4102f7575b07d74d0ec3d64d162a2165f9e62bbd3ec22339a24,test
2365.pgm,BOSSbase_1.01/2365.pgm,35da97cd25e5b29ee333b599eea3567fc56137f8148f9b295f4592c8e254ee62,test
2423.pgm,BOSSbase_1.01/2423.pgm,c548e269258696c352c645acbe212d9a388af1295c1919a5c86d471c7f45ea43,test
3351.pgm,BOSSbase_1.01/3351.pgm,33d96265ea13c033de101193112dd92abdb78a2af327578af3a9aa9fb9ababb0,test
393.pgm,BOSSbase_1.01/393.pgm,7aa48da39de6c611c3c212c7e244dd79f75cf143a49cf0e670dac463180c0434,test
4221.pgm,BOSSbase_1.01/4221.pgm,83e45c6487c64dabcdbf22148df7b39b7be5a9ee4f22d9e04e588528524f9b2d,test
1366.pgm,BOSSbase_1.01/1366.pgm,9e482313244af01295511d47e636fe7dcc84f896b0f3f05a87a174103b1b8dee,test
238.pgm,BOSSbase_1.01/238.pgm,eb0c25ac51b2204e1a027efc454a0d6c7340a91040c067f61b80d40663d3e0ae,test
